name,year,month,retail_and_recreation_percent_change_from_baseline
Afghanistan,2020,2,-1.2
Afghanistan,2020,3,-10.741935483870968
Afghanistan,2020,4,-50.25
Afghanistan,2020,5,-44.083333333333336
Afghanistan,2020,7,-8.827586206896552
Afghanistan,2020,8,-8.0625
Afghanistan,2020,9,36.5
Afghanistan,2020,10,32.483870967741936
Afghanistan,2020,11,29.416666666666668
Afghanistan,2020,12,29.951612903225808
Afghanistan,2021,1,23.451612903225808
Afghanistan,2021,2,21.053571428571427
Afghanistan,2021,3,32.08695652173913
Angola,2020,2,-3.7
Angola,2020,3,-14.65079365079365
Angola,2020,4,-54.56716417910448
Angola,2020,5,-36.507936507936506
Angola,2020,6,-17.883333333333333
Angola,2020,7,-20.080645161290324
Angola,2020,8,-15.887096774193548
Angola,2020,9,-11.666666666666666
Angola,2020,10,-15.241935483870968
Angola,2020,11,-15.5
Angola,2020,12,-7.650793650793651
Angola,2021,1,-16.761904761904763
Angola,2021,2,-9.071428571428571
Angola,2021,3,-0.41304347826086957
Argentina,2020,2,-1.6067833698030634
Argentina,2020,3,-36.108129003755245
Argentina,2020,4,-79.75093383137673
Argentina,2020,5,-71.41191285732276
Argentina,2020,6,-60.90876275827732
Argentina,2020,7,-55.726408367007366
Argentina,2020,8,-52.035162409334596
Argentina,2020,9,-50.07619728377412
Argentina,2020,10,-45.37263134006581
Argentina,2020,11,-39.58433523987394
Argentina,2020,12,-28.57447998210691
Argentina,2021,1,-36.15460055096419
Argentina,2021,2,-29.263579049466536
Argentina,2021,3,-25.189121090855195
Australia,2020,2,0.21216661672160622
Australia,2020,3,-12.77633328408923
Australia,2020,4,-40.9593521258371
Australia,2020,5,-24.934034560480843
Australia,2020,6,-11.442704295239572
Australia,2020,7,-8.407980941036332
Australia,2020,8,-17.884946677604592
Australia,2020,9,-12.776375282592314
Australia,2020,10,-9.23460972017673
Australia,2020,11,-4.6169626454378445
Australia,2020,12,1.268915087300403
Australia,2021,1,-7.3460064839375185
Australia,2021,2,-8.618223383409536
Australia,2021,3,-4.498006379585327
Austria,2020,2,5.86468085106383
Austria,2020,3,-44.91277387350145
Austria,2020,4,-67.64587782998719
Austria,2020,5,-32.85803497085762
Austria,2020,6,-12.216333622936578
Austria,2020,7,1.4220374220374221
Austria,2020,8,0.18537524053880694
Austria,2020,9,-5.422023476802683
Austria,2020,10,-17.567556634304207
Austria,2020,11,-52.16357504215851
Austria,2020,12,-49.17054263565891
Austria,2021,1,-66.41359773371104
Austria,2021,2,-45.306873614190685
Austria,2021,3,-39.75341716785128
Bangladesh,2020,2,2.533333333333333
Bangladesh,2020,3,-18.580645161290324
Bangladesh,2020,4,-72.7
Bangladesh,2020,5,-60.03225806451613
Bangladesh,2020,6,-45.333333333333336
Bangladesh,2020,7,-29.35483870967742
Bangladesh,2020,8,-23.903225806451612
Bangladesh,2020,9,-16.233333333333334
Bangladesh,2020,10,-10.741935483870968
Bangladesh,2020,11,-5.533333333333333
Bangladesh,2020,12,-2.4838709677419355
Bangladesh,2021,1,-1.1612903225806452
Bangladesh,2021,2,8.464285714285714
Bangladesh,2021,3,14.434782608695652
Belarus,2020,2,4.533333333333333
Belarus,2020,3,-2.129032258064516
Belarus,2020,4,-24.9
Belarus,2020,5,-16.838709677419356
Belarus,2020,6,-5.9
Belarus,2020,7,-1.935483870967742
Belarus,2020,8,-9.548387096774194
Belarus,2020,9,-10.433333333333334
Belarus,2020,10,-17.096774193548388
Belarus,2020,11,-24.233333333333334
Belarus,2020,12,-20.838709677419356
Belarus,2021,1,-31.096774193548388
Belarus,2021,2,-27.964285714285715
Belarus,2021,3,-21.695652173913043
Belgium,2020,2,0.6952380952380952
Belgium,2020,3,-41.60829493087557
Belgium,2020,4,-73.15238095238095
Belgium,2020,5,-47.3778801843318
Belgium,2020,6,-14.804761904761905
Belgium,2020,7,-5.451612903225806
Belgium,2020,8,-7.459016393442623
Belgium,2020,9,-6.880382775119617
Belgium,2020,10,-22.75115207373272
Belgium,2020,11,-51.285714285714285
Belgium,2020,12,-34.345622119815665
Belgium,2021,1,-43.87327188940092
Belgium,2021,2,-35.545918367346935
Belgium,2021,3,-32.41614906832298
Belize,2020,2,3.267857142857143
Belize,2020,3,-17.840336134453782
Belize,2020,4,-71.09009009009009
Belize,2020,5,-43.70247933884298
Belize,2020,6,-26.559322033898304
Belize,2020,7,-20.483870967741936
Belize,2020,8,-31.47457627118644
Belize,2020,9,-21.25
Belize,2020,10,-19.778688524590162
Belize,2020,11,-22.026086956521738
Belize,2020,12,-15.663934426229508
Belize,2021,1,-27.878048780487806
Belize,2021,2,-16.65765765765766
Belize,2021,3,-10.644444444444444
Benin,2020,2,-1.3555555555555556
Benin,2020,3,-7.126315789473685
Benin,2020,4,-20.15
Benin,2020,5,-14.7
Benin,2020,6,-9.648936170212766
Benin,2020,7,-4.6421052631578945
Benin,2020,8,1.3454545454545455
Benin,2020,9,-1.4852941176470589
Benin,2020,10,-13.37962962962963
Benin,2020,11,-12.76923076923077
Benin,2020,12,-7.764150943396227
Benin,2021,1,-11.121495327102803
Benin,2021,2,-13.20388349514563
Benin,2021,3,-11.2
Bolivia,2020,2,-3.878787878787879
Bolivia,2020,3,-35.896708286038596
Bolivia,2020,4,-78.59224441833138
Bolivia,2020,5,-72.1510067114094
Bolivia,2020,6,-61.12180974477958
Bolivia,2020,7,-54.68227424749164
Bolivia,2020,8,-53.3546875
Bolivia,2020,9,-36.445868945868945
Bolivia,2020,10,-27.97145993413831
Bolivia,2020,11,-24.855367231638418
Bolivia,2020,12,-11.19031903190319
Bolivia,2021,1,-27.389793702497286
Bolivia,2021,2,-24.679903730445247
Bolivia,2021,3,-19.850812407680944
Bosnia and Herzegovina,2020,2,2.2666666666666666
Bosnia and Herzegovina,2020,3,-34.225806451612904
Bosnia and Herzegovina,2020,4,-62.06666666666667
Bosnia and Herzegovina,2020,5,-30.93548387096774
Bosnia and Herzegovina,2020,6,-3.2666666666666666
Bosnia and Herzegovina,2020,7,-4.741935483870968
Bosnia and Herzegovina,2020,8,-2.967741935483871
Bosnia and Herzegovina,2020,9,-6.933333333333334
Bosnia and Herzegovina,2020,10,-13.064516129032258
Bosnia and Herzegovina,2020,11,-21.466666666666665
Bosnia and Herzegovina,2020,12,-14.64516129032258
Bosnia and Herzegovina,2021,1,-20.774193548387096
Bosnia and Herzegovina,2021,2,-13.5
Bosnia and Herzegovina,2021,3,-17.565217391304348
Botswana,2020,2,2.3870967741935485
Botswana,2020,3,-2.893939393939394
Botswana,2020,4,-66.32051282051282
Botswana,2020,5,-37.53521126760563
Botswana,2020,6,-4.714285714285714
Botswana,2020,7,-1.34375
Botswana,2020,8,-22.816326530612244
Botswana,2020,9,7.8431372549019605
Botswana,2020,10,5.323076923076923
Botswana,2020,11,12.016129032258064
Botswana,2020,12,12.920634920634921
Botswana,2021,1,-8.492537313432836
Botswana,2021,2,0.6610169491525424
Botswana,2021,3,8.638297872340425
Brazil,2020,2,-5.606592151423676
Brazil,2020,3,-29.10243627884538
Brazil,2020,4,-53.01758342730652
Brazil,2020,5,-45.92348123701259
Brazil,2020,6,-38.02928139118575
Brazil,2020,7,-32.35412375381066
Brazil,2020,8,-25.53651616086849
Brazil,2020,9,-19.74385378477464
Brazil,2020,10,-13.959581378563696
Brazil,2020,11,-10.989461799021452
Brazil,2020,12,-7.988298391028766
Brazil,2021,1,-21.146085295989817
Brazil,2021,2,-20.425342768686424
Brazil,2021,3,-32.304522722330944
Bulgaria,2020,2,2.2556097560975608
Bulgaria,2020,3,-31.937530266343824
Bulgaria,2020,4,-51.39868924085199
Bulgaria,2020,5,-20.569444444444443
Bulgaria,2020,6,-2.5022579026593075
Bulgaria,2020,7,2.09028794533919
Bulgaria,2020,8,6.7526223776223775
Bulgaria,2020,9,2.2354630294328786
Bulgaria,2020,10,-9.107729468599034
Bulgaria,2020,11,-25.10343087790111
Bulgaria,2020,12,-37.567846607669615
Bulgaria,2021,1,-42.750848279205044
Bulgaria,2021,2,-34.490435706695
Bulgaria,2021,3,-25.52956465237167
Burkina Faso,2020,2,0.4666666666666667
Burkina Faso,2020,3,-11.053763440860216
Burkina Faso,2020,4,-27.68888888888889
Burkina Faso,2020,5,-14.602150537634408
Burkina Faso,2020,6,3.2333333333333334
Burkina Faso,2020,7,10.96774193548387
Burkina Faso,2020,8,19.56
Burkina Faso,2020,9,18.475409836065573
Burkina Faso,2020,10,6.301075268817204
Burkina Faso,2020,11,9.88888888888889
Burkina Faso,2020,12,14.505376344086022
Burkina Faso,2021,1,13.666666666666666
Burkina Faso,2021,2,12.607142857142858
Burkina Faso,2021,3,17.565217391304348
Cambodia,2020,2,0.7377049180327869
Cambodia,2020,3,-14.63978494623656
Cambodia,2020,4,-32.05898876404494
Cambodia,2020,5,-18.464673913043477
Cambodia,2020,6,-13.257703081232494
Cambodia,2020,7,-11.154471544715447
Cambodia,2020,8,-11.956521739130435
Cambodia,2020,9,-9.642335766423358
Cambodia,2020,10,-14.232673267326733
Cambodia,2020,11,-12.523076923076923
Cambodia,2020,12,-19.471464019851116
Cambodia,2021,1,-9.126550868486353
Cambodia,2021,2,-6.107438016528926
Cambodia,2021,3,-23.147540983606557
Cameroon,2020,2,-6.754966887417218
Cameroon,2020,3,-15.487179487179487
Cameroon,2020,4,-28.315960912052116
Cameroon,2020,5,-15.698360655737705
Cameroon,2020,6,-6.737024221453288
Cameroon,2020,7,-3.328813559322034
Cameroon,2020,8,2.099502487562189
Cameroon,2020,9,1.4174311926605505
Cameroon,2020,10,-1.2464285714285714
Cameroon,2020,11,-1.927007299270073
Cameroon,2020,12,2.1035714285714286
Cameroon,2021,1,-6.671140939597316
Cameroon,2021,2,-8.865248226950355
Cameroon,2021,3,-7.004504504504505
Canada,2020,2,2.4243528982865477
Canada,2020,3,-20.00732064421669
Canada,2020,4,-47.53364449630494
Canada,2020,5,-26.05097134064243
Canada,2020,6,-6.912815338042382
Canada,2020,7,2.915674222051479
Canada,2020,8,2.556322473771397
Canada,2020,9,-1.8441905687894993
Canada,2020,10,-8.417874839420078
Canada,2020,11,-12.32988901645618
Canada,2020,12,-18.42902861445783
Canada,2021,1,-37.31708673091179
Canada,2021,2,-27.65444055223573
Canada,2021,3,-14.08510101010101
Chile,2020,2,4.6
Chile,2020,3,-29.91762356465302
Chile,2020,4,-60.38788522848034
Chile,2020,5,-56.686858316221766
Chile,2020,6,-57.79967948717949
Chile,2020,7,-56.835651725914474
Chile,2020,8,-49.39112426035503
Chile,2020,9,-50.32066781807715
Chile,2020,10,-47.234668018246325
Chile,2020,11,-41.5993756503642
Chile,2020,12,-32.88994974874372
Chile,2021,1,-41.453953953953956
Chile,2021,2,-34.368101545253865
Chile,2021,3,-37.498305084745766
Colombia,2020,2,-6.085158150851582
Colombia,2020,3,-33.49294030220461
Colombia,2020,4,-76.68857062622858
Colombia,2020,5,-64.79300443748369
Colombia,2020,6,-52.10099685204617
Colombia,2020,7,-49.48022312373225
Colombia,2020,8,-52.66586538461539
Colombia,2020,9,-37.014311270125226
Colombia,2020,10,-32.72093023255814
Colombia,2020,11,-27.32864419112297
Colombia,2020,12,-18.29776615969582
Colombia,2021,1,-34.7991081905656
Colombia,2021,2,-25.904194717762817
Colombia,2021,3,-21.489429852658553
Costa Rica,2020,2,-2.3333333333333335
Costa Rica,2020,3,-28.032258064516128
Costa Rica,2020,4,-58.86666666666667
Costa Rica,2020,5,-44.0
Costa Rica,2020,6,-40.93333333333333
Costa Rica,2020,7,-54.25806451612903
Costa Rica,2020,8,-43.70967741935484
Costa Rica,2020,9,-41.46666666666667
Costa Rica,2020,10,-39.41935483870968
Costa Rica,2020,11,-32.4
Costa Rica,2020,12,-21.225806451612904
Costa Rica,2021,1,-32.87096774193548
Costa Rica,2021,2,-26.928571428571427
Costa Rica,2021,3,-25.130434782608695
Croatia,2020,2,5.590909090909091
Croatia,2020,3,-31.818181818181817
Croatia,2020,4,-62.956239870340355
Croatia,2020,5,-22.403374233128833
Croatia,2020,6,7.8584905660377355
Croatia,2020,7,23.502304147465438
Croatia,2020,8,30.79850746268657
Croatia,2020,9,5.292631578947368
Croatia,2020,10,-6.1063515509601185
Croatia,2020,11,-18.587786259541986
Croatia,2020,12,-43.758620689655174
Croatia,2021,1,-47.23388305847077
Croatia,2021,2,-37.402317880794705
Croatia,2021,3,-20.106
Denmark,2020,2,0.6803135888501742
Denmark,2020,3,-14.908906882591094
Denmark,2020,4,-22.53038046564452
Denmark,2020,5,-14.101674641148325
Denmark,2020,6,8.86267029972752
Denmark,2020,7,20.78284854563691
Denmark,2020,8,16.305254378648876
Denmark,2020,9,6.8439119170984455
Denmark,2020,10,8.879256965944272
Denmark,2020,11,2.794788273615635
Denmark,2020,12,-11.522784176264397
Denmark,2021,1,-41.66205428419372
Denmark,2021,2,-33.124361158432706
Denmark,2021,3,-12.21957671957672
Dominican Republic,2020,2,-2.4174757281553396
Dominican Republic,2020,3,-32.954268292682926
Dominican Republic,2020,4,-66.30828220858896
Dominican Republic,2020,5,-50.98554913294798
Dominican Republic,2020,6,-33.992492492492495
Dominican Republic,2020,7,-29.980882352941176
Dominican Republic,2020,8,-33.74193548387097
Dominican Republic,2020,9,-30.164948453608247
Dominican Republic,2020,10,-29.15182481751825
Dominican Republic,2020,11,-29.501492537313432
Dominican Republic,2020,12,-22.03469079939668
Dominican Republic,2021,1,-37.88167388167388
Dominican Republic,2021,2,-30.65008025682183
Dominican Republic,2021,3,-25.3248031496063
Ecuador,2020,2,3.116062176165803
Ecuador,2020,3,-36.868530020703936
Ecuador,2020,4,-76.1492281303602
Ecuador,2020,5,-61.34911838790932
Ecuador,2020,6,-40.12587763289869
Ecuador,2020,7,-32.105899419729205
Ecuador,2020,8,-29.183599419448477
Ecuador,2020,9,-19.781685467816853
Ecuador,2020,10,-14.003479125248509
Ecuador,2020,11,-13.418724279835391
Ecuador,2020,12,-7.91570496738585
Ecuador,2021,1,-17.58399209486166
Ecuador,2021,2,-11.628062360801781
Ecuador,2021,3,-7.207366984993179
Egypt,2020,2,1.6785714285714286
Egypt,2020,3,-22.47685683530678
Egypt,2020,4,-53.40236686390533
Egypt,2020,5,-50.468822170900694
Egypt,2020,6,-43.7103694874851
Egypt,2020,7,-23.597432905484247
Egypt,2020,8,-17.285714285714285
Egypt,2020,9,-12.313636363636364
Egypt,2020,10,-11.83025404157044
Egypt,2020,11,-16.523809523809526
Egypt,2020,12,-16.23041474654378
Egypt,2021,1,-19.23041474654378
Egypt,2021,2,-19.207908163265305
Egypt,2021,3,-9.993788819875776
El Salvador,2020,2,-0.8493975903614458
El Salvador,2020,3,-32.44
El Salvador,2020,4,-69.52234636871508
El Salvador,2020,5,-71.25268817204301
El Salvador,2020,6,-57.46478873239437
El Salvador,2020,7,-49.18836565096953
El Salvador,2020,8,-45.9059829059829
El Salvador,2020,9,-29.047430830039527
El Salvador,2020,10,-24.132183908045977
El Salvador,2020,11,-19.214285714285715
El Salvador,2020,12,-5.090116279069767
El Salvador,2021,1,-12.783236994219653
El Salvador,2021,2,-10.54983922829582
El Salvador,2021,3,-6.48828125
Estonia,2020,2,0.863013698630137
Estonia,2020,3,-24.756696428571427
Estonia,2020,4,-49.025
Estonia,2020,5,-16.556701030927837
Estonia,2020,6,6.98019801980198
Estonia,2020,7,20.03960396039604
Estonia,2020,8,14.65925925925926
Estonia,2020,9,2.329192546583851
Estonia,2020,10,2.2146118721461185
Estonia,2020,11,-6.419047619047619
Estonia,2020,12,-11.711711711711711
Estonia,2021,1,-24.622222222222224
Estonia,2021,2,-19.85
Estonia,2021,3,-35.16867469879518
Fiji,2020,2,0.9333333333333333
Fiji,2020,3,-8.741935483870968
Fiji,2020,4,-39.4
Fiji,2020,5,-18.903225806451612
Fiji,2020,6,-13.666666666666666
Fiji,2020,7,-7.451612903225806
Fiji,2020,8,-0.3
Fiji,2020,9,4.090909090909091
Fiji,2020,10,2.4838709677419355
Fiji,2020,11,-0.9
Fiji,2020,12,1.3548387096774193
Fiji,2021,1,-6.193548387096774
Fiji,2021,2,1.0357142857142858
Fiji,2021,3,15.521739130434783
Finland,2020,2,5.166485310119695
Finland,2020,3,-19.826976229961303
Finland,2020,4,-43.2731737262124
Finland,2020,5,-29.233953209358127
Finland,2020,6,0.9152854511970534
Finland,2020,7,15.669652855543113
Finland,2020,8,7.655172413793103
Finland,2020,9,-0.7100371747211895
Finland,2020,10,-6.00880829015544
Finland,2020,11,-8.525377969762419
Finland,2020,12,-12.666129032258064
Finland,2021,1,-24.08222103577149
Finland,2021,2,-17.755257009345794
Finland,2021,3,-23.458363504706735
France,2020,2,1.5242424242424242
France,2020,3,-44.221309069562665
France,2020,4,-81.33728350045578
France,2020,5,-51.1548178613396
France,2020,6,-15.215650591446769
France,2020,7,3.123018203170875
France,2020,8,6.720937700706487
France,2020,9,-6.593850096092249
France,2020,10,-14.460410557184751
France,2020,11,-50.34688922610015
France,2020,12,-24.778625954198475
France,2021,1,-39.91277533039648
France,2021,2,-36.273081924577376
France,2021,3,-34.364463791056586
Gabon,2020,2,-2.2195121951219514
Gabon,2020,3,-16.707865168539325
Gabon,2020,4,-41.06666666666667
Gabon,2020,5,-29.451612903225808
Gabon,2020,6,-22.633333333333333
Gabon,2020,7,-16.13978494623656
Gabon,2020,8,-9.458333333333334
Gabon,2020,9,-7.576271186440678
Gabon,2020,10,-11.688172043010752
Gabon,2020,11,-10.5
Gabon,2020,12,-5.087912087912088
Gabon,2021,1,-17.26086956521739
Gabon,2021,2,-26.86904761904762
Gabon,2021,3,-22.28985507246377
Georgia,2020,2,3.9
Georgia,2020,3,-32.064516129032256
Georgia,2020,4,-74.45
Georgia,2020,5,-62.361111111111114
Georgia,2020,7,-12.672413793103448
Georgia,2020,8,-14.870967741935484
Georgia,2020,9,-10.683333333333334
Georgia,2020,10,-21.661290322580644
Georgia,2020,11,-33.483333333333334
Georgia,2020,12,-48.064516129032256
Georgia,2021,1,-54.82258064516129
Georgia,2021,2,-39.107142857142854
Georgia,2021,3,-28.02173913043478
Germany,2020,2,1.1411764705882352
Germany,2020,3,-26.84629981024668
Germany,2020,4,-51.219607843137254
Germany,2020,5,-30.40607210626186
Germany,2020,6,-12.678431372549019
Germany,2020,7,-1.618595825426945
Germany,2020,8,-1.7855787476280836
Germany,2020,9,-0.34705882352941175
Germany,2020,10,-10.123339658444023
Germany,2020,11,-29.562745098039215
Germany,2020,12,-43.47628083491461
Germany,2021,1,-59.878557874762805
Germany,2021,2,-52.29621848739496
Germany,2021,3,-38.915601023017906
Ghana,2020,2,-2.5555555555555554
Ghana,2020,3,-12.612903225806452
Ghana,2020,4,-47.98888888888889
Ghana,2020,5,-25.967741935483872
Ghana,2020,6,-15.477777777777778
Ghana,2020,7,-9.53763440860215
Ghana,2020,8,-3.6881720430107525
Ghana,2020,9,0.24444444444444444
Ghana,2020,10,-1.8387096774193548
Ghana,2020,11,3.8444444444444446
Ghana,2020,12,8.881720430107526
Ghana,2021,1,3.903225806451613
Ghana,2021,2,1.0
Ghana,2021,3,6.666666666666667
Greece,2020,2,3.9
Greece,2020,3,-39.70967741935484
Greece,2020,4,-71.10416666666667
Greece,2020,5,-37.58870967741935
Greece,2020,6,-5.025
Greece,2020,7,23.56048387096774
Greece,2020,8,39.0
Greece,2020,9,10.922413793103448
Greece,2020,10,-2.6048387096774195
Greece,2020,11,-51.225
Greece,2020,12,-52.45564516129032
Greece,2021,1,-54.310483870967744
Greece,2021,2,-51.950892857142854
Greece,2021,3,-54.66304347826087
Guatemala,2020,2,-0.31283422459893045
Guatemala,2020,3,-29.413568166992825
Guatemala,2020,4,-56.61923847695391
Guatemala,2020,5,-54.222511385816524
Guatemala,2020,6,-46.48440610484406
Guatemala,2020,7,-45.608274078862316
Guatemala,2020,8,-37.08627858627859
Guatemala,2020,9,-29.885304659498207
Guatemala,2020,10,-26.208646616541355
Guatemala,2020,11,-22.30779305828422
Guatemala,2020,12,-8.951815181518151
Guatemala,2021,1,-17.096670934699105
Guatemala,2021,2,-14.84221902017291
Guatemala,2021,3,-12.306797853309481
Haiti,2020,2,-13.333333333333334
Haiti,2020,3,-16.70967741935484
Haiti,2020,4,-36.08888888888889
Haiti,2020,5,-32.924731182795696
Haiti,2020,6,-28.333333333333332
Haiti,2020,7,-18.86021505376344
Haiti,2020,8,-8.403225806451612
Haiti,2020,9,-7.057971014492754
Haiti,2020,10,-10.720430107526882
Haiti,2020,11,-12.155555555555555
Haiti,2020,12,-2.2903225806451615
Haiti,2021,1,-21.462365591397848
Haiti,2021,2,-33.714285714285715
Haiti,2021,3,-17.855072463768117
Honduras,2020,2,-4.12531328320802
Honduras,2020,3,-41.24752475247525
Honduras,2020,4,-75.00396825396825
Honduras,2020,5,-68.15211970074813
Honduras,2020,6,-57.0675
Honduras,2020,7,-57.25631768953068
Honduras,2020,8,-54.91881188118812
Honduras,2020,9,-40.994949494949495
Honduras,2020,10,-36.09199522102748
Honduras,2020,11,-38.38721351025332
Honduras,2020,12,-20.32850241545894
Honduras,2021,1,-30.225921521997623
Honduras,2021,2,-27.679094540612518
Honduras,2021,3,-22.772875816993466
Hungary,2020,2,6.742857142857143
Hungary,2020,3,-19.668202764976957
Hungary,2020,4,-42.196172248803826
Hungary,2020,5,-14.105590062111801
Hungary,2020,6,8.84664536741214
Hungary,2020,7,23.259659969088098
Hungary,2020,8,25.45
Hungary,2020,9,6.727650727650728
Hungary,2020,10,1.1298299845440494
Hungary,2020,11,-17.976114649681527
Hungary,2020,12,-22.550077041602464
Hungary,2021,1,-32.06605222734255
Hungary,2021,2,-24.348122866894197
Hungary,2021,3,-28.7
India,2020,2,1.050464527027027
India,2020,3,-21.688917262512767
India,2020,4,-72.48315512331416
India,2020,5,-68.70969770000524
India,2020,6,-52.15827843179609
India,2020,7,-51.2861694348689
India,2020,8,-44.25976655550262
India,2020,9,-31.218355170800187
India,2020,10,-20.684630020054506
India,2020,11,-14.738820272572402
India,2020,12,-16.72329922353062
India,2021,1,-18.758933606767496
India,2021,2,-15.568961599636447
India,2021,3,-12.756534365924491
Indonesia,2020,2,-1.8761904761904762
Indonesia,2020,3,-12.745622119815668
Indonesia,2020,4,-38.17333333333333
Indonesia,2020,5,-34.133640552995395
Indonesia,2020,6,-22.69333333333333
Indonesia,2020,7,-15.723502304147466
Indonesia,2020,8,-12.05781990521327
Indonesia,2020,9,-14.057281553398058
Indonesia,2020,10,-14.40552995391705
Indonesia,2020,11,-13.208571428571428
Indonesia,2020,12,-9.486635944700462
Indonesia,2021,1,-20.644239631336404
Indonesia,2021,2,-19.818367346938775
Indonesia,2021,3,-14.895652173913044
Iraq,2020,2,10.133333333333333
Iraq,2020,3,-33.12903225806452
Iraq,2020,4,-53.36666666666667
Iraq,2020,5,-30.193548387096776
Iraq,2020,6,-34.5
Iraq,2020,7,-26.774193548387096
Iraq,2020,8,-18.967741935483872
Iraq,2020,9,-7.933333333333334
Iraq,2020,10,-1.4516129032258065
Iraq,2020,11,3.3
Iraq,2020,12,7.354838709677419
Iraq,2021,1,8.193548387096774
Iraq,2021,2,1.6071428571428572
Iraq,2021,3,4.869565217391305
Ireland,2020,2,0.31851851851851853
Ireland,2020,3,-30.27120669056153
Ireland,2020,4,-76.28783783783784
Ireland,2020,5,-63.797966963151204
Ireland,2020,6,-41.735031847133754
Ireland,2020,7,-15.675276752767529
Ireland,2020,8,-11.549295774647888
Ireland,2020,9,-13.09201388888889
Ireland,2020,10,-31.492682926829268
Ireland,2020,11,-41.635324015247775
Ireland,2020,12,-14.004950495049505
Ireland,2021,1,-57.1044226044226
Ireland,2021,2,-49.04891304347826
Ireland,2021,3,-41.284297520661156
Israel,2020,2,3.39
Israel,2020,3,-35.43225806451613
Israel,2020,4,-75.605
Israel,2020,5,-36.91451612903226
Israel,2020,6,-13.858333333333333
Israel,2020,7,-19.020967741935483
Israel,2020,8,-6.866209262435677
Israel,2020,9,-35.55154639175258
Israel,2020,10,-49.979032258064514
Israel,2020,11,-33.681666666666665
Israel,2020,12,-29.35483870967742
Israel,2021,1,-54.81612903225806
Israel,2021,2,-33.901785714285715
Israel,2021,3,-12.804347826086957
Italy,2020,2,-2.3595800524934383
Italy,2020,3,-60.73431546863094
Italy,2020,4,-83.02729658792651
Italy,2020,5,-51.707137414274825
Italy,2020,6,-16.688713910761155
Italy,2020,7,-1.0523241046482092
Italy,2020,8,10.004689942678478
Italy,2020,9,-1.994675186368477
Italy,2020,10,-14.989331978663957
Italy,2020,11,-39.21916010498688
Italy,2020,12,-33.54787909575819
Italy,2021,1,-45.3492506985014
Italy,2021,2,-31.751124859392576
Italy,2021,3,-40.89969188634029
Jamaica,2020,2,-2.5474452554744524
Jamaica,2020,3,-22.917857142857144
Jamaica,2020,4,-52.1067615658363
Jamaica,2020,5,-42.70070422535211
Jamaica,2020,6,-29.334615384615386
Jamaica,2020,7,-21.567164179104477
Jamaica,2020,8,-21.03448275862069
Jamaica,2020,9,-28.58252427184466
Jamaica,2020,10,-35.72791519434629
Jamaica,2020,11,-32.79847908745247
Jamaica,2020,12,-22.967153284671532
Jamaica,2021,1,-30.421818181818182
Jamaica,2021,2,-34.020325203252035
Jamaica,2021,3,-31.849246231155778
Japan,2020,2,0.1625
Japan,2020,3,-3.672715053763441
Japan,2020,4,-23.040277777777778
Japan,2020,5,-22.690188172043012
Japan,2020,6,-9.025
Japan,2020,7,-6.714381720430108
Japan,2020,8,-5.09005376344086
Japan,2020,9,-5.454861111111111
Japan,2020,10,-4.715725806451613
Japan,2020,11,-3.2597222222222224
Japan,2020,12,-3.1780913978494625
Japan,2021,1,-18.801747311827956
Japan,2021,2,-13.944940476190476
Japan,2021,3,-8.152173913043478
Jordan,2020,2,1.1635220125786163
Jordan,2020,3,-31.689655172413794
Jordan,2020,4,-59.16761363636363
Jordan,2020,5,-40.239554317548745
Jordan,2020,6,-10.854037267080745
Jordan,2020,7,-2.052469135802469
Jordan,2020,8,-5.956709956709957
Jordan,2020,9,-3.457983193277311
Jordan,2020,10,-18.364779874213838
Jordan,2020,11,-25.200607902735563
Jordan,2020,12,-19.559766763848398
Jordan,2021,1,-18.965217391304346
Jordan,2021,2,-14.530546623794212
Jordan,2021,3,-21.673228346456693
Kazakhstan,2020,2,2.2666666666666666
Kazakhstan,2020,3,-10.96774193548387
Kazakhstan,2020,4,-59.7
Kazakhstan,2020,5,-30.0
Kazakhstan,2020,6,-9.866666666666667
Kazakhstan,2020,7,-27.516129032258064
Kazakhstan,2020,8,-16.70967741935484
Kazakhstan,2020,9,-13.3
Kazakhstan,2020,10,-20.838709677419356
Kazakhstan,2020,11,-24.866666666666667
Kazakhstan,2020,12,-22.096774193548388
Kazakhstan,2021,1,-33.32258064516129
Kazakhstan,2021,2,-27.357142857142858
Kazakhstan,2021,3,-21.695652173913043
Kenya,2020,2,1.210144927536232
Kenya,2020,3,-8.825823223570191
Kenya,2020,4,-37.19251336898396
Kenya,2020,5,-31.453125
Kenya,2020,6,-20.3088
Kenya,2020,7,-13.332307692307692
Kenya,2020,8,-11.08148148148148
Kenya,2020,9,-5.16557734204793
Kenya,2020,10,-0.7664
Kenya,2020,11,3.84742951907131
Kenya,2020,12,7.19134775374376
Kenya,2021,1,1.5616883116883118
Kenya,2021,2,4.903225806451613
Kenya,2021,3,12.135135135135135
Kuwait,2020,2,-2.0416666666666665
Kuwait,2020,3,-33.5
Kuwait,2020,4,-63.49166666666667
Kuwait,2020,5,-79.08064516129032
Kuwait,2020,6,-59.395833333333336
Kuwait,2020,7,-38.28225806451613
Kuwait,2020,8,-32.248868778280546
Kuwait,2020,9,-23.6
Kuwait,2020,10,-21.58467741935484
Kuwait,2020,11,-20.091666666666665
Kuwait,2020,12,-18.620967741935484
Kuwait,2021,1,-21.08467741935484
Kuwait,2021,2,-24.620535714285715
Kuwait,2021,3,-36.494565217391305
Kyrgyzstan,2020,2,3.12
Kyrgyzstan,2020,3,-17.473684210526315
Kyrgyzstan,2020,4,-63.25238095238095
Kyrgyzstan,2020,5,-32.18518518518518
Kyrgyzstan,2020,6,-3.299492385786802
Kyrgyzstan,2020,7,-20.407239819004523
Kyrgyzstan,2020,8,-9.248275862068965
Kyrgyzstan,2020,9,-7.211538461538462
Kyrgyzstan,2020,10,-14.317535545023697
Kyrgyzstan,2020,11,-18.892018779342724
Kyrgyzstan,2020,12,-17.63348416289593
Kyrgyzstan,2021,1,-32.32188841201717
Kyrgyzstan,2021,2,-29.70952380952381
Kyrgyzstan,2021,3,-23.35928143712575
Laos,2020,2,0.3333333333333333
Laos,2020,3,-13.35483870967742
Laos,2020,4,-55.06666666666667
Laos,2020,5,-27.161290322580644
Laos,2020,6,-9.066666666666666
Laos,2020,7,-5.645161290322581
Laos,2020,8,-6.548387096774194
Laos,2020,9,-7.833333333333333
Laos,2020,10,-9.774193548387096
Laos,2020,11,-11.7
Laos,2020,12,-8.709677419354838
Laos,2021,1,-14.935483870967742
Laos,2021,2,-11.928571428571429
Laos,2021,3,-9.652173913043478
Latvia,2020,2,-0.08415841584158416
Latvia,2020,3,-16.551564310544613
Latvia,2020,4,-35.789308176100626
Latvia,2020,5,-12.607913669064748
Latvia,2020,6,1.4633333333333334
Latvia,2020,7,10.185314685314685
Latvia,2020,8,9.883720930232558
Latvia,2020,9,-0.7063829787234043
Latvia,2020,10,-9.03943661971831
Latvia,2020,11,-21.673529411764704
Latvia,2020,12,-29.428571428571427
Latvia,2021,1,-43.49715909090909
Latvia,2021,2,-37.614886731391586
Latvia,2021,3,-30.132295719844358
Lebanon,2020,2,0.9313432835820895
Lebanon,2020,3,-35.294294294294296
Lebanon,2020,4,-50.31076923076923
Lebanon,2020,5,-28.353028064992614
Lebanon,2020,6,-5.661466458658347
Lebanon,2020,7,-1.0735735735735736
Lebanon,2020,8,-14.911627906976744
Lebanon,2020,9,-5.018595041322314
Lebanon,2020,10,-8.813988095238095
Lebanon,2020,11,-26.852134146341463
Lebanon,2020,12,-6.6946107784431135
Lebanon,2021,1,-44.89208633093525
Lebanon,2021,2,-37.7059748427673
Lebanon,2021,3,-19.047524752475248
Libya,2020,2,4.05
Libya,2020,3,-17.217741935483872
Libya,2020,4,-44.458333333333336
Libya,2020,5,-15.487804878048781
Libya,2020,6,-5.3
Libya,2020,7,3.1451612903225805
Libya,2020,8,-14.531645569620252
Libya,2020,9,2.5
Libya,2020,10,17.096774193548388
Libya,2020,11,21.05
Libya,2020,12,27.45967741935484
Libya,2021,1,30.653225806451612
Libya,2021,2,38.285714285714285
Libya,2021,3,51.2967032967033
Lithuania,2020,2,1.64568345323741
Lithuania,2020,3,-27.29485935984481
Lithuania,2020,4,-50.192746113989635
Lithuania,2020,5,-26.155774395702775
Lithuania,2020,6,-16.137096774193548
Lithuania,2020,7,-8.66993755575379
Lithuania,2020,8,-7.948571428571428
Lithuania,2020,9,-14.876484560570072
Lithuania,2020,10,-22.524086378737543
Lithuania,2020,11,-40.92895683453237
Lithuania,2020,12,-49.16438356164384
Lithuania,2021,1,-61.093484419263454
Lithuania,2021,2,-53.809866392600206
Lithuania,2021,3,-42.78228782287823
Luxembourg,2020,2,-4.866666666666666
Luxembourg,2020,3,-44.0
Luxembourg,2020,4,-77.63333333333334
Luxembourg,2020,5,-54.58064516129032
Luxembourg,2020,6,-23.2
Luxembourg,2020,7,-13.387096774193548
Luxembourg,2020,8,-21.580645161290324
Luxembourg,2020,9,-14.833333333333334
Luxembourg,2020,10,-19.387096774193548
Luxembourg,2020,11,-25.766666666666666
Luxembourg,2020,12,-47.645161290322584
Luxembourg,2021,1,-52.645161290322584
Luxembourg,2021,2,-41.535714285714285
Luxembourg,2021,3,-38.608695652173914
Malaysia,2020,2,-2.8117647058823527
Malaysia,2020,3,-34.88614800759013
Malaysia,2020,4,-77.16666666666667
Malaysia,2020,5,-58.499051233396585
Malaysia,2020,6,-31.480392156862745
Malaysia,2020,7,-17.368121442125236
Malaysia,2020,8,-13.80287474332649
Malaysia,2020,9,-14.935550935550935
Malaysia,2020,10,-26.616698292220114
Malaysia,2020,11,-32.07450980392157
Malaysia,2020,12,-19.15180265654649
Malaysia,2021,1,-36.267552182163186
Malaysia,2021,2,-37.98109243697479
Malaysia,2021,3,-18.90537084398977
Mali,2020,2,1.2
Mali,2020,3,-6.419354838709677
Mali,2020,4,-23.65
Mali,2020,5,-17.048387096774192
Mali,2020,6,-4.433333333333334
Mali,2020,7,-3.9516129032258065
Mali,2020,8,-7.431034482758621
Mali,2020,9,-3.2413793103448274
Mali,2020,10,-8.903225806451612
Mali,2020,11,-8.616666666666667
Mali,2020,12,-5.758064516129032
Mali,2021,1,-4.064516129032258
Mali,2021,2,-2.6785714285714284
Mali,2021,3,1.2173913043478262
Mexico,2020,2,0.6585858585858586
Mexico,2020,3,-15.173998044965787
Mexico,2020,4,-56.42323232323233
Mexico,2020,5,-55.27565982404692
Mexico,2020,6,-46.55656565656566
Mexico,2020,7,-39.541544477028346
Mexico,2020,8,-32.96383186705767
Mexico,2020,9,-32.008080808080805
Mexico,2020,10,-31.40175953079179
Mexico,2020,11,-27.98080808080808
Mexico,2020,12,-20.818181818181817
Mexico,2021,1,-33.92375366568915
Mexico,2021,2,-30.028138528138527
Mexico,2021,3,-23.474308300395258
Moldova,2020,2,1.2666666666666666
Moldova,2020,3,-31.193548387096776
Moldova,2020,4,-56.93333333333333
Moldova,2020,5,-32.38709677419355
Moldova,2020,6,-14.4
Moldova,2020,7,-5.806451612903226
Moldova,2020,8,-1.6774193548387097
Moldova,2020,9,-5.933333333333334
Moldova,2020,10,-14.580645161290322
Moldova,2020,11,-20.266666666666666
Moldova,2020,12,-19.741935483870968
Moldova,2021,1,-29.838709677419356
Moldova,2021,2,-26.785714285714285
Moldova,2021,3,-25.217391304347824
Mongolia,2020,2,-24.8
Mongolia,2020,3,-23.35483870967742
Mongolia,2020,4,-10.516666666666667
Mongolia,2020,5,5.596774193548387
Mongolia,2020,6,9.1
Mongolia,2020,7,8.82258064516129
Mongolia,2020,8,24.27027027027027
Mongolia,2020,9,48.19512195121951
Mongolia,2020,10,45.645161290322584
Mongolia,2020,11,-26.75
Mongolia,2020,12,-41.53225806451613
Mongolia,2021,1,-33.645161290322584
Mongolia,2021,2,-26.446428571428573
Mongolia,2021,3,9.91304347826087
Morocco,2020,2,1.3333333333333333
Morocco,2020,3,-40.233870967741936
Morocco,2020,4,-82.51666666666667
Morocco,2020,5,-79.20161290322581
Morocco,2020,6,-55.775
Morocco,2020,7,-24.096774193548388
Morocco,2020,8,-31.870967741935484
Morocco,2020,9,-28.183333333333334
Morocco,2020,10,-26.798387096774192
Morocco,2020,11,-27.45
Morocco,2020,12,-25.217741935483872
Morocco,2021,1,-28.580645161290324
Morocco,2021,2,-24.508928571428573
Morocco,2021,3,-18.75
Mozambique,2020,2,-4.3238095238095235
Mozambique,2020,3,-6.710407239819005
Mozambique,2020,4,-25.17180616740088
Mozambique,2020,5,-17.387665198237887
Mozambique,2020,6,-15.013636363636364
Mozambique,2020,7,-10.471111111111112
Mozambique,2020,8,-6.804195804195804
Mozambique,2020,9,-10.36046511627907
Mozambique,2020,10,-15.789915966386555
Mozambique,2020,11,-13.248908296943231
Mozambique,2020,12,-10.665217391304347
Mozambique,2021,1,-25.68548387096774
Mozambique,2021,2,-27.72398190045249
Mozambique,2021,3,-18.85542168674699
Namibia,2020,2,-3.088888888888889
Namibia,2020,3,-13.172043010752688
Namibia,2020,4,-53.536842105263155
Namibia,2020,5,-24.489583333333332
Namibia,2020,6,-21.211111111111112
Namibia,2020,7,-18.1875
Namibia,2020,8,-22.078125
Namibia,2020,9,-19.356164383561644
Namibia,2020,10,-14.364583333333334
Namibia,2020,11,-9.347826086956522
Namibia,2020,12,-6.157894736842105
Namibia,2021,1,-22.642105263157895
Namibia,2021,2,-16.166666666666668
Namibia,2021,3,-10.47887323943662
Nepal,2020,2,3.3333333333333335
Nepal,2020,3,-21.870967741935484
Nepal,2020,4,-76.43333333333334
Nepal,2020,5,-69.48387096774194
Nepal,2020,6,-48.4
Nepal,2020,7,-30.258064516129032
Nepal,2020,8,-47.83870967741935
Nepal,2020,9,-44.266666666666666
Nepal,2020,10,-33.32258064516129
Nepal,2020,11,-27.966666666666665
Nepal,2020,12,-19.129032258064516
Nepal,2021,1,-17.193548387096776
Nepal,2021,2,-8.857142857142858
Nepal,2021,3,-0.21739130434782608
Netherlands,2020,2,2.0052724077328645
Netherlands,2020,3,-22.443498452012385
Netherlands,2020,4,-37.353683492496586
Netherlands,2020,5,-23.18104280656582
Netherlands,2020,6,-2.9854698094930576
Netherlands,2020,7,8.651240675901963
Netherlands,2020,8,2.3816326530612244
Netherlands,2020,9,1.5537600994406464
Netherlands,2020,10,-16.641399000713776
Netherlands,2020,11,-22.53934191702432
Netherlands,2020,12,-36.44216417910448
Netherlands,2021,1,-55.15392962331421
Netherlands,2021,2,-46.67689655172414
Netherlands,2021,3,-36.41818945599664
New Zealand,2020,2,0.6078431372549019
New Zealand,2020,3,-24.381404174573056
New Zealand,2020,4,-89.44863731656184
New Zealand,2020,5,-49.568548387096776
New Zealand,2020,6,-16.024896265560166
New Zealand,2020,7,-8.565965583173996
New Zealand,2020,8,-12.544
New Zealand,2020,9,-4.875609756097561
New Zealand,2020,10,0.4838095238095238
New Zealand,2020,11,0.6823529411764706
New Zealand,2020,12,9.703632887189293
New Zealand,2021,1,1.2241379310344827
New Zealand,2021,2,0.6173361522198731
New Zealand,2021,3,1.4215938303341902
Nicaragua,2020,2,-1.5912408759124088
Nicaragua,2020,3,-17.286195286195287
Nicaragua,2020,4,-33.75796178343949
Nicaragua,2020,5,-37.422492401215806
Nicaragua,2020,6,-38.01577287066246
Nicaragua,2020,7,-28.860681114551085
Nicaragua,2020,8,-22.80094786729858
Nicaragua,2020,9,-19.9
Nicaragua,2020,10,-20.402476780185758
Nicaragua,2020,11,-17.21122112211221
Nicaragua,2020,12,-0.6813559322033899
Nicaragua,2021,1,-11.141447368421053
Nicaragua,2021,2,-7.7709090909090905
Nicaragua,2021,3,-2.8295964125560538
Niger,2020,2,0.5555555555555556
Niger,2020,3,-8.46236559139785
Niger,2020,4,-27.655555555555555
Niger,2020,5,-15.408602150537634
Niger,2020,6,2.3333333333333335
Niger,2020,7,0.46236559139784944
Niger,2020,8,0.6458333333333334
Niger,2020,9,26.166666666666668
Niger,2020,10,13.978494623655914
Niger,2020,11,15.044444444444444
Niger,2020,12,12.365591397849462
Niger,2021,1,14.516129032258064
Niger,2021,2,9.773809523809524
Niger,2021,3,9.666666666666666
Nigeria,2020,2,-1.966994382022472
Nigeria,2020,3,-8.502376103190768
Nigeria,2020,4,-47.680679405520166
Nigeria,2020,5,-37.119644300727565
Nigeria,2020,6,-23.255118755118755
Nigeria,2020,7,-14.571543408360128
Nigeria,2020,8,-9.483777937995674
Nigeria,2020,9,-9.517717717717717
Nigeria,2020,10,-19.347551342812007
Nigeria,2020,11,-9.609147609147609
Nigeria,2020,12,-4.825152129817444
Nigeria,2021,1,-9.436407964242179
Nigeria,2021,2,-4.644191343963554
Nigeria,2021,3,0.23314917127071824
Norway,2020,2,0.7909535452322738
Norway,2020,3,-27.797411003236245
Norway,2020,4,-30.04459930313589
Norway,2020,5,-10.924885695623775
Norway,2020,6,7.3008447043534765
Norway,2020,7,14.439252336448599
Norway,2020,8,2.2799575821845175
Norway,2020,9,-0.4427947598253275
Norway,2020,10,-0.5089712918660287
Norway,2020,11,-6.48145738451529
Norway,2020,12,-3.598445595854922
Norway,2021,1,-27.155785391079508
Norway,2021,2,-16.809722222222224
Norway,2021,3,-18.396114864864863
Oman,2020,2,-1.4466666666666668
Oman,2020,3,-20.451612903225808
Oman,2020,4,-49.92666666666667
Oman,2020,5,-44.24193548387097
Oman,2020,6,-28.836666666666666
Oman,2020,7,-24.696774193548386
Oman,2020,8,-33.71707317073171
Oman,2020,9,-23.282608695652176
Oman,2020,10,-26.925806451612903
Oman,2020,11,-23.44
Oman,2020,12,-22.47741935483871
Oman,2021,1,-22.787096774193547
Oman,2021,2,-22.40714285714286
Oman,2021,3,-22.83478260869565
Pakistan,2020,2,0.9614035087719298
Pakistan,2020,3,-21.568760611205434
Pakistan,2020,4,-57.15964912280702
Pakistan,2020,5,-38.55687606112054
Pakistan,2020,6,-29.36842105263158
Pakistan,2020,7,-18.23599320882852
Pakistan,2020,8,-17.40508806262231
Pakistan,2020,9,-2.320388349514563
Pakistan,2020,10,-0.21901528013582344
Pakistan,2020,11,1.5017543859649123
Pakistan,2020,12,2.6876061120543295
Pakistan,2021,1,2.9847198641765704
Pakistan,2021,2,10.454887218045112
Pakistan,2021,3,18.226544622425628
Panama,2020,2,-4.166666666666667
Panama,2020,3,-38.0
Panama,2020,4,-83.81666666666666
Panama,2020,5,-77.45161290322581
Panama,2020,6,-65.83333333333333
Panama,2020,7,-67.01612903225806
Panama,2020,8,-65.2258064516129
Panama,2020,9,-55.516666666666666
Panama,2020,10,-46.516129032258064
Panama,2020,11,-42.25
Panama,2020,12,-39.596774193548384
Panama,2021,1,-67.2741935483871
Panama,2021,2,-49.625
Panama,2021,3,-32.43478260869565
Papua New Guinea,2020,2,6.266666666666667
Papua New Guinea,2020,3,-4.387096774193548
Papua New Guinea,2020,4,-18.5
Papua New Guinea,2020,5,-0.7741935483870968
Papua New Guinea,2020,6,5.266666666666667
Papua New Guinea,2020,7,10.129032258064516
Papua New Guinea,2020,8,4.6875
Papua New Guinea,2020,9,14.8
Papua New Guinea,2020,10,16.903225806451612
Papua New Guinea,2020,11,22.2
Papua New Guinea,2020,12,31.129032258064516
Papua New Guinea,2021,1,9.225806451612904
Papua New Guinea,2021,2,15.214285714285714
Papua New Guinea,2021,3,2.5217391304347827
Paraguay,2020,2,-4.171314741035856
Paraguay,2020,3,-33.1412213740458
Paraguay,2020,4,-56.30844793713163
Paraguay,2020,5,-40.79541108986616
Paraguay,2020,6,-30.287401574803148
Paraguay,2020,7,-25.739047619047618
Paraguay,2020,8,-24.011661807580175
Paraguay,2020,9,-27.346938775510203
Paraguay,2020,10,-21.664772727272727
Paraguay,2020,11,-22.02348336594912
Paraguay,2020,12,-17.19083969465649
Paraguay,2021,1,-24.763705103969755
Paraguay,2021,2,-19.658333333333335
Paraguay,2021,3,-22.47826086956522
Peru,2020,2,0.37229102167182665
Peru,2020,3,-37.229294478527606
Peru,2020,4,-75.44107452339688
Peru,2020,5,-79.67418899858956
Peru,2020,6,-73.58984375
Peru,2020,7,-58.62152926099957
Peru,2020,8,-54.48712206047033
Peru,2020,9,-49.44467213114754
Peru,2020,10,-40.43695823483058
Peru,2020,11,-33.79780309194467
Peru,2020,12,-26.67511885895404
Peru,2021,1,-33.90067273446775
Peru,2021,2,-43.81989482909729
Peru,2021,3,-34.125461254612546
Philippines,2020,2,-1.0384615384615385
Philippines,2020,3,-36.95657568238214
Philippines,2020,4,-77.05128205128206
Philippines,2020,5,-68.00496277915633
Philippines,2020,6,-49.526923076923076
Philippines,2020,7,-45.11538461538461
Philippines,2020,8,-45.88015463917526
Philippines,2020,9,-44.45789473684211
Philippines,2020,10,-43.859801488833746
Philippines,2020,11,-38.27564102564103
Philippines,2020,12,-25.69727047146402
Philippines,2021,1,-36.10421836228288
Philippines,2021,2,-33.239010989010985
Philippines,2021,3,-28.33277591973244
Poland,2020,2,4.154974058199865
Poland,2020,3,-28.280613467529356
Poland,2020,4,-49.599514563106794
Poland,2020,5,-20.898260543111
Poland,2020,6,4.002234636871508
Poland,2020,7,15.998218738867118
Poland,2020,8,14.92123629112662
Poland,2020,9,9.013769641989308
Poland,2020,10,-8.671747294013695
Poland,2020,11,-25.66650780412248
Poland,2020,12,-14.067173785839673
Poland,2021,1,-30.298567066008925
Poland,2021,2,-20.65775950668037
Poland,2021,3,-17.003705991352685
Portugal,2020,2,4.764672036823936
Portugal,2020,3,-41.63100861350375
Portugal,2020,4,-70.97793063915162
Portugal,2020,5,-49.790304709141274
Portugal,2020,6,-24.21443298969072
Portugal,2020,7,-10.274170274170274
Portugal,2020,8,3.133101348412353
Portugal,2020,9,-8.770079939094023
Portugal,2020,10,-15.01381059751973
Portugal,2020,11,-26.795474325500436
Portugal,2020,12,-20.062623972796825
Portugal,2021,1,-50.544800884955755
Portugal,2021,2,-62.158197217180884
Portugal,2021,3,-50.66580118694362
Puerto Rico,2020,2,-0.6867469879518072
Puerto Rico,2020,3,-38.11807580174927
Puerto Rico,2020,4,-68.70219198790628
Puerto Rico,2020,5,-45.72139303482587
Puerto Rico,2020,6,-21.696250956388678
Puerto Rico,2020,7,-18.404444444444444
Puerto Rico,2020,8,-22.212951432129515
Puerto Rico,2020,9,-21.514195583596216
Puerto Rico,2020,10,-20.89210716871832
Puerto Rico,2020,11,-22.4468085106383
Puerto Rico,2020,12,-22.450765864332602
Puerto Rico,2021,1,-22.382545454545454
Puerto Rico,2021,2,-14.77366255144033
Puerto Rico,2021,3,-12.88140703517588
Qatar,2020,2,-1.3666666666666667
Qatar,2020,3,-29.629032258064516
Qatar,2020,4,-57.85
Qatar,2020,5,-53.33870967741935
Qatar,2020,6,-26.416666666666668
Qatar,2020,7,-14.870967741935484
Qatar,2020,8,-12.17741935483871
Qatar,2020,9,-9.1
Qatar,2020,10,-8.225806451612904
Qatar,2020,11,-5.433333333333334
Qatar,2020,12,-2.7903225806451615
Qatar,2021,1,-7.67741935483871
Qatar,2021,2,-8.178571428571429
Qatar,2021,3,-6.5
Romania,2020,2,2.7092113184828417
Romania,2020,3,-30.43525179856115
Romania,2020,4,-63.48786717752235
Romania,2020,5,-39.98205445544554
Romania,2020,6,-10.53523871386814
Romania,2020,7,-5.073339628580422
Romania,2020,8,-4.465859564164649
Romania,2020,9,-4.3375
Romania,2020,10,-15.559769417475728
Romania,2020,11,-27.200756381972898
Romania,2020,12,-25.801597051597053
Romania,2021,1,-31.84447852760736
Romania,2021,2,-22.760497144776622
Romania,2021,3,-21.266968325791854
Russia,2020,2,6.603921568627451
Russia,2020,3,-2.844402277039848
Russia,2020,4,-52.049019607843135
Russia,2020,5,-38.296015180265655
Russia,2020,6,-19.38235294117647
Russia,2020,7,-9.64516129032258
Russia,2020,8,-4.0
Russia,2020,9,-4.301960784313725
Russia,2020,10,-12.100569259962048
Russia,2020,11,-17.05686274509804
Russia,2020,12,-14.734345351043643
Russia,2021,1,-26.4573055028463
Russia,2021,2,-20.235294117647058
Russia,2021,3,-13.772378516624041
Rwanda,2020,2,-0.6986301369863014
Rwanda,2020,3,-21.102739726027398
Rwanda,2020,4,-63.92307692307692
Rwanda,2020,5,-36.37748344370861
Rwanda,2020,6,-24.16551724137931
Rwanda,2020,7,-12.033112582781458
Rwanda,2020,8,-11.115384615384615
Rwanda,2020,9,9.608247422680412
Rwanda,2020,10,8.629139072847682
Rwanda,2020,11,10.780821917808218
Rwanda,2020,12,11.966666666666667
Rwanda,2021,1,-26.730263157894736
Rwanda,2021,2,-30.138686131386862
Rwanda,2021,3,-7.108108108108108
Saudi Arabia,2020,2,-2.9952380952380953
Saudi Arabia,2020,3,-23.0
Saudi Arabia,2020,4,-55.84047619047619
Saudi Arabia,2020,5,-50.97235023041475
Saudi Arabia,2020,6,-22.04047619047619
Saudi Arabia,2020,7,-10.921658986175116
Saudi Arabia,2020,8,-13.408963585434174
Saudi Arabia,2020,9,-15.642076502732241
Saudi Arabia,2020,10,-15.852534562211982
Saudi Arabia,2020,11,-15.111904761904762
Saudi Arabia,2020,12,-14.410138248847927
Saudi Arabia,2021,1,-14.573732718894009
Saudi Arabia,2021,2,-9.308673469387756
Saudi Arabia,2021,3,-0.9285714285714286
Senegal,2020,2,-3.2888888888888888
Senegal,2020,3,-20.306306306306308
Senegal,2020,4,-42.488188976377955
Senegal,2020,5,-39.67424242424242
Senegal,2020,6,-24.660714285714285
Senegal,2020,7,-13.376237623762377
Senegal,2020,8,-21.08433734939759
Senegal,2020,9,-19.214285714285715
Senegal,2020,10,-25.682926829268293
Senegal,2020,11,-18.904347826086955
Senegal,2020,12,-16.4
Senegal,2021,1,-24.87704918032787
Senegal,2021,2,-25.491071428571427
Senegal,2021,3,-23.011494252873565
Slovakia,2020,2,5.33926453143535
Slovakia,2020,3,-41.525220680958384
Slovakia,2020,4,-66.48124557678697
Slovakia,2020,5,-41.57005494505494
Slovakia,2020,6,-9.010921501706484
Slovakia,2020,7,3.8126944617299316
Slovakia,2020,8,8.990224828934506
Slovakia,2020,9,0.18218954248366012
Slovakia,2020,10,-28.944891640866874
Slovakia,2020,11,-32.23493568043331
Slovakia,2020,12,-39.15782580222659
Slovakia,2021,1,-63.8172255095332
Slovakia,2021,2,-53.99502840909091
Slovakia,2021,3,-49.90252393385553
Slovenia,2020,2,3.9115646258503403
Slovenia,2020,3,-44.12379875635953
Slovenia,2020,4,-70.98681318681318
Slovenia,2020,5,-25.781176470588235
Slovenia,2020,6,-4.824324324324325
Slovenia,2020,7,-4.589856670341786
Slovenia,2020,8,-6.447368421052632
Slovenia,2020,9,-3.102409638554217
Slovenia,2020,10,-30.186666666666667
Slovenia,2020,11,-61.056179775280896
Slovenia,2020,12,-56.92087912087912
Slovenia,2021,1,-63.00219538968167
Slovenia,2021,2,-45.707581227436826
Slovenia,2021,3,-36.72255192878338
South Africa,2020,2,-3.7733333333333334
South Africa,2020,3,-16.05483870967742
South Africa,2020,4,-70.82333333333334
South Africa,2020,5,-48.08709677419355
South Africa,2020,6,-30.19
South Africa,2020,7,-25.941935483870967
South Africa,2020,8,-19.892617449664428
South Africa,2020,9,-16.20618556701031
South Africa,2020,10,-14.6
South Africa,2020,11,-12.93
South Africa,2020,12,-5.709677419354839
South Africa,2021,1,-28.174193548387098
South Africa,2021,2,-15.667857142857143
South Africa,2021,3,-11.682608695652174
South Korea,2020,2,-19.066666666666666
South Korea,2020,3,-22.85483870967742
South Korea,2020,4,-13.683333333333334
South Korea,2020,5,-6.032258064516129
South Korea,2020,6,-6.15
South Korea,2020,7,-6.064516129032258
South Korea,2020,8,-14.306451612903226
South Korea,2020,9,-20.0
South Korea,2020,10,-12.0
South Korea,2020,11,-14.45
South Korea,2020,12,-26.096774193548388
South Korea,2021,1,-25.096774193548388
South Korea,2021,2,-11.839285714285714
South Korea,2021,3,-4.608695652173913
Spain,2020,2,2.64021164021164
Spain,2020,3,-51.58832565284178
Spain,2020,4,-89.0121693121693
Spain,2020,5,-65.40501792114695
Spain,2020,6,-27.88835978835979
Spain,2020,7,-12.285714285714286
Spain,2020,8,-7.021443514644352
Spain,2020,9,-17.19924812030075
Spain,2020,10,-26.925755248335893
Spain,2020,11,-39.52910052910053
Spain,2020,12,-29.114183307731693
Spain,2021,1,-45.92268305171531
Spain,2021,2,-45.386054421768705
Spain,2021,3,-32.77087646652864
Sri Lanka,2020,2,1.8666666666666667
Sri Lanka,2020,3,-35.96774193548387
Sri Lanka,2020,4,-78.66666666666667
Sri Lanka,2020,5,-60.03225806451613
Sri Lanka,2020,6,-27.666666666666668
Sri Lanka,2020,7,-15.612903225806452
Sri Lanka,2020,8,-12.0
Sri Lanka,2020,9,-10.666666666666666
Sri Lanka,2020,10,-36.354838709677416
Sri Lanka,2020,11,-50.63333333333333
Sri Lanka,2020,12,-30.967741935483872
Sri Lanka,2021,1,-30.870967741935484
Sri Lanka,2021,2,-26.035714285714285
Sri Lanka,2021,3,-17.17391304347826
Sweden,2020,2,3.090357792601577
Sweden,2020,3,-12.142256902761105
Sweden,2020,4,-15.30958549222798
Sweden,2020,5,-7.105344934742075
Sweden,2020,6,3.458212326556954
Sweden,2020,7,12.829033260801989
Sweden,2020,8,3.269170579029734
Sweden,2020,9,-1.854770017035775
Sweden,2020,10,-3.4858906525573192
Sweden,2020,11,-16.787192755498058
Sweden,2020,12,-20.47359896339488
Sweden,2021,1,-30.10494026477236
Sweden,2021,2,-21.019690576652604
Sweden,2021,3,-17.99402985074627
Switzerland,2020,2,2.2757731958762886
Switzerland,2020,3,-36.83437110834371
Switzerland,2020,4,-73.09350237717908
Switzerland,2020,5,-36.272
Switzerland,2020,6,-15.170886075949367
Switzerland,2020,7,-7.381818181818182
Switzerland,2020,8,-11.121149897330595
Switzerland,2020,9,-7.984761904761905
Switzerland,2020,10,-15.056716417910447
Switzerland,2020,11,-25.949685534591193
Switzerland,2020,12,-28.699846860643184
Switzerland,2021,1,-49.90352220520674
Switzerland,2021,2,-46.598650927487355
Switzerland,2021,3,-34.02669404517454
Taiwan,2020,2,-5.8
Taiwan,2020,3,-10.96774193548387
Taiwan,2020,4,-13.5
Taiwan,2020,5,-10.935483870967742
Taiwan,2020,6,-5.766666666666667
Taiwan,2020,7,-2.838709677419355
Taiwan,2020,8,-3.838709677419355
Taiwan,2020,9,-6.966666666666667
Taiwan,2020,10,-6.354838709677419
Taiwan,2020,11,-8.1
Taiwan,2020,12,-10.0
Taiwan,2021,1,-13.225806451612904
Taiwan,2021,2,-9.821428571428571
Taiwan,2021,3,-12.478260869565217
Tajikistan,2020,2,2.7666666666666666
Tajikistan,2020,3,-2.129032258064516
Tajikistan,2020,4,-11.966666666666667
Tajikistan,2020,5,-44.88709677419355
Tajikistan,2020,6,-23.133333333333333
Tajikistan,2020,7,-13.870967741935484
Tajikistan,2020,8,-4.403225806451613
Tajikistan,2020,9,-2.1
Tajikistan,2020,10,-8.5
Tajikistan,2020,11,-9.083333333333334
Tajikistan,2020,12,-4.741935483870968
Tajikistan,2021,1,-13.516129032258064
Tajikistan,2021,2,-9.410714285714286
Tajikistan,2021,3,-6.782608695652174
Thailand,2020,2,-3.2
Thailand,2020,3,-18.70967741935484
Thailand,2020,4,-47.06666666666667
Thailand,2020,5,-34.25806451612903
Thailand,2020,6,-15.433333333333334
Thailand,2020,7,-4.612903225806452
Thailand,2020,8,-7.612903225806452
Thailand,2020,9,-8.733333333333333
Thailand,2020,10,-11.612903225806452
Thailand,2020,11,-3.9
Thailand,2020,12,-6.0
Thailand,2021,1,-17.741935483870968
Thailand,2021,2,-3.8214285714285716
Thailand,2021,3,3.347826086956522
The Bahamas,2020,2,1.0
The Bahamas,2020,3,-26.831460674157302
The Bahamas,2020,4,-67.31764705882352
The Bahamas,2020,5,-54.96590909090909
The Bahamas,2020,6,-33.804597701149426
The Bahamas,2020,7,-31.651685393258425
The Bahamas,2020,8,-67.26666666666667
The Bahamas,2020,9,-32.98701298701299
The Bahamas,2020,10,-42.50561797752809
The Bahamas,2020,11,-36.858823529411765
The Bahamas,2020,12,-24.943181818181817
The Bahamas,2021,1,-34.95454545454545
The Bahamas,2021,2,-29.8375
The Bahamas,2021,3,-25.651515151515152
Togo,2020,2,-9.766666666666667
Togo,2020,3,-14.241935483870968
Togo,2020,4,-35.583333333333336
Togo,2020,5,-29.193548387096776
Togo,2020,6,-17.883333333333333
Togo,2020,7,-13.629032258064516
Togo,2020,8,-8.686274509803921
Togo,2020,9,-8.365384615384615
Togo,2020,10,-5.403225806451613
Togo,2020,11,-5.35
Togo,2020,12,-2.370967741935484
Togo,2021,1,-8.03225806451613
Togo,2021,2,-6.232142857142857
Togo,2021,3,0.06521739130434782
Trinidad and Tobago,2020,2,7.2
Trinidad and Tobago,2020,3,-18.387096774193548
Trinidad and Tobago,2020,4,-65.6
Trinidad and Tobago,2020,5,-48.16129032258065
Trinidad and Tobago,2020,6,-23.833333333333332
Trinidad and Tobago,2020,7,-11.225806451612904
Trinidad and Tobago,2020,8,-19.516129032258064
Trinidad and Tobago,2020,9,-26.133333333333333
Trinidad and Tobago,2020,10,-25.35483870967742
Trinidad and Tobago,2020,11,-18.233333333333334
Trinidad and Tobago,2020,12,-7.645161290322581
Trinidad and Tobago,2021,1,-25.516129032258064
Trinidad and Tobago,2021,2,-17.214285714285715
Trinidad and Tobago,2021,3,-12.782608695652174
Turkey,2020,2,2.0281299524564185
Turkey,2020,3,-21.70000963669654
Turkey,2020,4,-63.14883625969784
Turkey,2020,5,-55.673895899053626
Turkey,2020,6,-18.156209605250076
Turkey,2020,7,-6.87645755035174
Turkey,2020,8,-9.014544950824213
Turkey,2020,9,-13.071652654034382
Turkey,2020,10,-13.590351045463265
Turkey,2020,11,-26.801938099475922
Turkey,2020,12,-47.54192861978915
Turkey,2021,1,-50.178609316231075
Turkey,2021,2,-41.17969586635254
Turkey,2021,3,-24.911887382690303
Uganda,2020,2,0.5213675213675214
Uganda,2020,3,-10.12448132780083
Uganda,2020,4,-61.75438596491228
Uganda,2020,5,-52.24686192468619
Uganda,2020,6,-34.23012552301255
Uganda,2020,7,-24.725806451612904
Uganda,2020,8,-18.4438202247191
Uganda,2020,9,-21.396984924623116
Uganda,2020,10,-22.396078431372548
Uganda,2020,11,-23.975103734439834
Uganda,2020,12,-20.516528925619834
Uganda,2021,1,-37.01777777777778
Uganda,2021,2,-28.285714285714285
Uganda,2021,3,-23.155172413793103
Ukraine,2020,2,4.3
Ukraine,2020,3,-22.322580645161292
Ukraine,2020,4,-52.03333333333333
Ukraine,2020,5,-32.983870967741936
Ukraine,2020,6,-9.716666666666667
Ukraine,2020,7,-5.129032258064516
Ukraine,2020,8,-3.661290322580645
Ukraine,2020,9,-4.85
Ukraine,2020,10,-11.403225806451612
Ukraine,2020,11,-22.366666666666667
Ukraine,2020,12,-15.516129032258064
Ukraine,2021,1,-37.806451612903224
Ukraine,2021,2,-22.839285714285715
Ukraine,2021,3,-19.52173913043478
United Arab Emirates,2020,2,-1.2916666666666667
United Arab Emirates,2020,3,-19.524193548387096
United Arab Emirates,2020,4,-52.5375
United Arab Emirates,2020,5,-45.48790322580645
United Arab Emirates,2020,6,-30.4875
United Arab Emirates,2020,7,-18.903225806451612
United Arab Emirates,2020,8,-16.61467889908257
United Arab Emirates,2020,9,-17.081818181818182
United Arab Emirates,2020,10,-15.088709677419354
United Arab Emirates,2020,11,-13.008333333333333
United Arab Emirates,2020,12,-7.866935483870968
United Arab Emirates,2021,1,-12.483870967741936
United Arab Emirates,2021,2,-9.254464285714286
United Arab Emirates,2021,3,-2.380434782608696
United States,2020,2,6.1451956711849585
United States,2020,3,-10.379869360233887
United States,2020,4,-34.6886132651552
United States,2020,5,-15.271136297345723
United States,2020,6,-3.024182506443299
United States,2020,7,-2.5861649078047084
United States,2020,8,-4.941094997555809
United States,2020,9,-5.797524973907858
United States,2020,10,-6.575246427752732
United States,2020,11,-13.005763803315181
United States,2020,12,-12.766072049113866
United States,2021,1,-18.736443282243133
United States,2021,2,-17.121149245199128
United States,2021,3,-1.4841560343024471
Uruguay,2020,2,1.8349206349206348
Uruguay,2020,3,-28.66973886328725
Uruguay,2020,4,-53.55863539445629
Uruguay,2020,5,-39.33458646616541
Uruguay,2020,6,-28.865148861646233
Uruguay,2020,7,-25.06576728499157
Uruguay,2020,8,-21.7277628032345
Uruguay,2020,9,-19.2992700729927
Uruguay,2020,10,-21.201058201058203
Uruguay,2020,11,-20.544464609800364
Uruguay,2020,12,-19.312169312169313
Uruguay,2021,1,-31.00506756756757
Uruguay,2021,2,-25.91746641074856
Uruguay,2021,3,-24.673758865248228
Venezuela,2020,2,2.2666666666666666
Venezuela,2020,3,-29.451612903225808
Venezuela,2020,4,-61.233333333333334
Venezuela,2020,5,-51.29032258064516
Venezuela,2020,6,-37.36666666666667
Venezuela,2020,7,-37.45161290322581
Venezuela,2020,8,-37.903225806451616
Venezuela,2020,9,-38.56666666666667
Venezuela,2020,10,-33.58064516129032
Venezuela,2020,11,-24.766666666666666
Venezuela,2020,12,-14.161290322580646
Venezuela,2021,1,-36.16129032258065
Venezuela,2021,2,-25.785714285714285
Venezuela,2021,3,-21.565217391304348
Vietnam,2020,2,-9.855208333333334
Vietnam,2020,3,-19.319556451612904
Vietnam,2020,4,-44.596354166666664
Vietnam,2020,5,-20.307110438729197
Vietnam,2020,6,-15.411887382690303
Vietnam,2020,7,-10.348461926374181
Vietnam,2020,8,-20.084130019120458
Vietnam,2020,9,-14.941356139279169
Vietnam,2020,10,-20.78326612903226
Vietnam,2020,11,-19.634375
Vietnam,2020,12,-16.726814516129032
Vietnam,2021,1,-14.455141129032258
Vietnam,2021,2,-10.065290178571429
Vietnam,2021,3,-12.365489130434783
Yemen,2020,2,4.666666666666667
Yemen,2020,3,-2.903225806451613
Yemen,2020,4,-9.233333333333333
Yemen,2020,5,-10.580645161290322
Yemen,2020,6,-8.7
Yemen,2020,7,7.290322580645161
Yemen,2020,8,9.935483870967742
Yemen,2020,9,22.586206896551722
Yemen,2020,10,23.967741935483872
Yemen,2020,11,26.0
Yemen,2020,12,32.32258064516129
Yemen,2021,1,28.161290322580644
Yemen,2021,2,26.285714285714285
Yemen,2021,3,35.73913043478261
Zambia,2020,2,-3.3666666666666667
Zambia,2020,3,-2.661290322580645
Zambia,2020,4,-21.6
Zambia,2020,5,-13.580645161290322
Zambia,2020,6,-4.416666666666667
Zambia,2020,7,2.2580645161290325
Zambia,2020,8,2.7903225806451615
Zambia,2020,9,5.75
Zambia,2020,10,3.7419354838709675
Zambia,2020,11,5.933333333333334
Zambia,2020,12,11.67741935483871
Zambia,2021,1,-7.17741935483871
Zambia,2021,2,0.30357142857142855
Zambia,2021,3,10.565217391304348
Zimbabwe,2020,2,-2.3733333333333335
Zimbabwe,2020,3,-9.197452229299364
Zimbabwe,2020,4,-65.43037974683544
Zimbabwe,2020,5,-37.294871794871796
Zimbabwe,2020,6,-23.746666666666666
Zimbabwe,2020,7,-20.102564102564102
Zimbabwe,2020,8,-22.702479338842974
Zimbabwe,2020,9,-8.585365853658537
Zimbabwe,2020,10,-3.696774193548387
Zimbabwe,2020,11,-0.06666666666666667
Zimbabwe,2020,12,7.916129032258064
Zimbabwe,2021,1,-36.909677419354836
Zimbabwe,2021,2,-27.07857142857143
Zimbabwe,2021,3,4.48695652173913
